{
	"info": {
		"_postman_id": "920fe221-f894-44c1-a1f0-4980e3fe7d0e",
		"name": "EmployeeManagementApp",
		"schema": "https://schema.getpostman.com/json/collection/v2.1.0/collection.json"
	},
	"item": [
		{
			"name": "Get All Employees",
			"request": {
				"method": "GET",
				"header": [],
				"url": {
					"raw": "http://localhost:8080/v1/emp-mgmt-app/employees",
					"protocol": "http",
					"host": [
						"localhost"
					],
					"port": "8080",
					"path": [
						"v1",
						"emp-mgmt-app",
						"employees"
					]
				}
			},
			"response": [
				{
					"name": "Get All Employees example",
					"originalRequest": {
						"method": "GET",
						"header": [],
						"url": {
							"raw": "http://localhost:8080/v1/emp-mgmt-app/employees",
							"protocol": "http",
							"host": [
								"localhost"
							],
							"port": "8080",
							"path": [
								"v1",
								"emp-mgmt-app",
								"employees"
							]
						}
					},
					"status": "OK",
					"code": 200,
					"_postman_previewlanguage": "json",
					"header": [
						{
							"key": "Content-Type",
							"value": "application/json"
						},
						{
							"key": "content-length",
							"value": "777"
						}
					],
					"cookie": [],
					"body": "[\n    {\n        \"departmentId\": 1,\n        \"Name\": \"BA\",\n        \"totalSalary\": 50000,\n        \"noOfEmployees\": 1,\n        \"employees\": [\n            {\n                \"employeeId\": \"TPIND001\",\n                \"dateOfBirth\": \"26 July 1991\",\n                \"salary\": 50000\n            }\n        ]\n    },\n    {\n        \"departmentId\": 3,\n        \"Name\": \"SA\",\n        \"totalSalary\": 800000,\n        \"noOfEmployees\": 1,\n        \"employees\": [\n            {\n                \"employeeId\": \"TPIND004\",\n                \"dateOfBirth\": \"01 Jan 1990\",\n                \"salary\": 800000\n            }\n        ]\n    },\n    {\n        \"departmentId\": 4,\n        \"Name\": \"Developer\",\n        \"totalSalary\": 1100000,\n        \"noOfEmployees\": 2,\n        \"employees\": [\n            {\n                \"employeeId\": \"TPIND006\",\n                \"dateOfBirth\": \"01 Jan 1990\",\n                \"salary\": 300000\n            },\n            {\n                \"employeeId\": \"TPIND005\",\n                \"dateOfBirth\": \"01 Jan 1990\",\n                \"salary\": 800000\n            }\n        ]\n    },\n    {\n        \"departmentId\": 2,\n        \"Name\": \"SQC\",\n        \"totalSalary\": 880000,\n        \"noOfEmployees\": 2,\n        \"employees\": [\n            {\n                \"employeeId\": \"TPIND003\",\n                \"dateOfBirth\": \"01 Jan 1990\",\n                \"salary\": 430000\n            },\n            {\n                \"employeeId\": \"TPIND002\",\n                \"dateOfBirth\": \"01 Jan 1990\",\n                \"salary\": 450000\n            }\n        ]\n    }\n]"
				}
			]
		},
		{
			"name": "Add A New Employee",
			"request": {
				"method": "POST",
				"header": [],
				"body": {
					"mode": "raw",
					"raw": "{\r\n    \"name\":\"Belal Altamash\",\r\n    \"salary\": 300000.00,\r\n    \"departmentId\":\"4\",\r\n    \"departmentName\":\"Developers\",\r\n    \"dateOfBirth\":\"01 Jan 1990\",\r\n    \"employeeId\":\"TPIND006\"\r\n\r\n}",
					"options": {
						"raw": {
							"language": "json"
						}
					}
				},
				"url": {
					"raw": "http://localhost:8080/v1/emp-mgmt-app/employees",
					"protocol": "http",
					"host": [
						"localhost"
					],
					"port": "8080",
					"path": [
						"v1",
						"emp-mgmt-app",
						"employees"
					]
				}
			},
			"response": [
				{
					"name": "Add A New Employee example",
					"originalRequest": {
						"method": "POST",
						"header": [],
						"body": {
							"mode": "raw",
							"raw": "{\r\n    \"name\":\"Belal Altamash\",\r\n    \"salary\": 300000.00,\r\n    \"departmentId\":\"4\",\r\n    \"departmentName\":\"Developers\",\r\n    \"dateOfBirth\":\"01 Jan 1990\",\r\n    \"employeeId\":\"TPIND006\"\r\n\r\n}",
							"options": {
								"raw": {
									"language": "json"
								}
							}
						},
						"url": {
							"raw": "http://localhost:8080/v1/emp-mgmt-app/employees",
							"protocol": "http",
							"host": [
								"localhost"
							],
							"port": "8080",
							"path": [
								"v1",
								"emp-mgmt-app",
								"employees"
							]
						}
					},
					"status": "Created",
					"code": 201,
					"_postman_previewlanguage": "raw",
					"header": [
						{
							"key": "Content-Type",
							"value": "application/octet-stream"
						},
						{
							"key": "content-length",
							"value": "28"
						}
					],
					"cookie": [],
					"body": "Employee Successfully Added."
				}
			]
		},
		{
			"name": "Get All Departments",
			"request": {
				"method": "GET",
				"header": []
			},
			"response": [
				{
					"name": "Get All Departments",
					"originalRequest": {
						"method": "GET",
						"header": [],
						"url": {
							"raw": "http://localhost:8080/v1/emp-mgmt-app/departments",
							"protocol": "http",
							"host": [
								"localhost"
							],
							"port": "8080",
							"path": [
								"v1",
								"emp-mgmt-app",
								"departments"
							]
						}
					},
					"status": "OK",
					"code": 200,
					"_postman_previewlanguage": "json",
					"header": [
						{
							"key": "Content-Type",
							"value": "application/json"
						},
						{
							"key": "content-length",
							"value": "22"
						}
					],
					"cookie": [],
					"body": "[\n    {\n        \"id\": 1,\n        \"name\": \"IT\"\n    }\n]"
				}
			]
		},
		{
			"name": "Department With Max Salary",
			"request": {
				"method": "GET",
				"header": []
			},
			"response": []
		}
	]
}